中药名,寒,热,温,凉,平,酸,苦,甘,辛,咸,肺,心包,心,大肠,三焦,小肠,胃,胆,膀胱,脾,肝,肾,毒性,功效
艾叶,,,温,,,,苦,,辛,,,,,,,,,,,脾,肝,肾,,"['散寒','止痛','温经','止血']"
白扁豆,,,微温,,,,,甘,,,,,,,,,胃,,,脾,,,,"['健脾','化湿','和中','消暑']"
白茅根,寒,,,,,,,甘,,,肺,,,,,,胃,,膀胱,,,,,"['凉血','止血','清热','利尿']"
白前,,,微温,,,,苦,,辛,,肺,,,,,,,,,,,,,"['降气','消痰','止咳']"
白术,,,温,,,,苦,甘,,,,,,,,,胃,,,脾,,,,"['健脾','益气','燥湿','利水','止汗','安胎']"
白头翁,寒,,,,,,苦,,,,,,,大肠,,,胃,,,,,,,"['清热','解毒','凉血','止痢']"
白芷,,,温,,,,,,辛,,肺,,,大肠,,,胃,,,,,,,"['散风','除湿','通窍','止痛','消肿','排脓']"
百合,寒,,,,,,,甘,,,肺,,心,,,,,,,,,,,"['养阴','润肺','清心','安神']"
板蓝根,寒,,,,,,苦,,,,,,心,,,,胃,,,,,,,"['清热','解毒','凉血','利咽']"
北沙参,微寒,,,,,,微苦,甘,,,肺,,,,,,胃,,,,,,,"['养阴','清肺','益胃','生津']"
荜茇,,热,,,,,,,辛,,,,,大肠,,,胃,,,,,,,"['温中','散寒','下气','止痛']"
苍术,,,温,,,,苦,,辛,,,,,,,,胃,,,脾,肝,,,"['燥湿','健脾','祛风','散寒','明目']"
侧柏叶,寒,,,,,,苦,,,,肺,,,,,,,,,脾,肝,,,"['凉血','止血','生发','乌发']"
蝉蜕,寒,,,,,,,甘,,,肺,,,,,,,,,,肝,,,"['散风','除热','利咽','透疹','解痉','退翳']"
车前子,微寒,,,,,,,甘,,,肺,,,,,小肠,,,,,肝,肾,,"['清热','利尿','渗湿','通淋','明目','祛痰']"
陈皮,,,温,,,,苦,,辛,,肺,,,,,,,,,脾,,,,"['理气','开胃','燥湿','化痰','治脾','胃病']"
赤芍,微寒,,,,,,苦,,,,,,,,,,,,,脾,肝,,,"['清热','凉血','散瘀','止痛']"
川贝母,微寒,,,,,,苦,甘,,,肺,,心,,,,,,,,,,,"['清热','润肺','化痰','止咳']"
川射干,寒,,,,,,苦,,,,肺,,,,,,,,,,,,,"['清热','解毒','消痰','利咽']"
川芎,,,温,,,,,,辛,,,心包,心,,,,,胆,,,肝,,,"['活血','行气','祛风','止痛']"
穿心莲,寒,,,,,,苦,,,,肺,,,,,,胃,,,,肝,,,"['清热','解毒','凉血','消肿']"
大腹皮,,,微温,,,,,,辛,,,,,大肠,,小肠,胃,,,脾,,,,"['行气','宽中','行水','消肿']"
大黄,寒,,,,,,苦,,,,,心包,心,大肠,,,胃,,,脾,肝,,,"['泻热','通便','凉血','解毒','逐瘀','通经']"
大青叶,寒,,,,,,苦,,,,,,心,,,,胃,,,,,,,"['清热','解毒','凉血','清斑']"
大枣,,,温,,,,,甘,,,,,心,,,,胃,,,脾,,,,"['补中','益气','养血','安神']"
丹参,微寒,,,,,,苦,,,,,,心,,,,,,,,肝,,,"['祛瘀','止痛','活血','痛经','清心','除烦']"
淡豆豉,,,,凉,,,苦,,辛,,肺,,,,,,胃,,,,,,,"['解表','除烦','宣发','郁热']"
元胡,,,温,,,,苦,,辛,,,,,,,,,,,脾,肝,,,"['活血','散瘀','理气','止痛']"
淡竹叶,寒,,,,,,,甘,,,,,心,,,小肠,胃,,,,,,,"['清热','除烦','利尿']"
当归,,,温,,,,,甘,辛,,,,心,,,,,,,脾,肝,,,"['补血','活血','调经','止痛','润肠','通便']"
党参,,,,,平,,,甘,,,肺,,,,,,,,,脾,,,,"['补中','益气','健脾','益肺']"
地骨皮,寒,,,,,,,甘,,,肺,,,,,,,,,,肝,肾,,"['凉血','除蒸','清肺','降火']"
地龙,寒,,,,,,,,,咸,,,,,,,,,膀胱,脾,肝,,,"['清热','定惊','通络','平喘','利尿']"
丁香,,,温,,,,,,辛,,,,,,,,胃,,,脾,,肾,,"['温中','降逆','补肾','助阳']"
豆蔻,,,温,,,,,,辛,,,,,,,,胃,,,脾,,,,"['化湿','消痞','行气','温中','开胃','消食']"
独活,,,微温,,,,苦,,辛,,,,,,,,,,膀胱,,,肾,,"['祛风','除湿','通痹','止痛']"
鹅不食草,,,温,,,,,,辛,,肺,,,,,,,,,,肝,,,"['通鼻窍','止咳']"
防风,,,温,,,,,甘,辛,,,,,,,,,,膀胱,脾,肝,,,"['发表','祛风','除湿']"
粉萆薢,,,,,平,,苦,,,,,,,,,,胃,,,,,肾,,"['利湿','去浊','祛风','除痹']"
蜂房,,,,,平,,,甘,,,,,,,,,胃,,,,,,,"['祛风','攻毒','杀虫','止痛']"
茯苓,,,,,平,,,甘,,,肺,,心,,,,,,,脾,,肾,,"['利水','渗湿','健脾','宁心']"
附子,,热,,,,,,甘,辛,,,,心,,,,,,,脾,,肾,大毒,"['回阳','救逆','补火','助阳','散寒','止痛']"
甘草,,,,,平,,,甘,,,肺,,心,,,,胃,,,脾,,,,"['补脾','益气','止咳','祛痰','缓急','定痛','调和','药性']"
干姜,,热,,,,,,,辛,,肺,,心,,,,胃,,,脾,,肾,,"['温中','散寒','回阳','通脉','燥湿','消痰']"
葛根,,,,凉,,,,甘,辛,,,,,,,,胃,,,脾,,,,"['解肌','退热','生津','透疹','升阳','止泻']"
瓜蒌,寒,,,,,,微苦,甘,,,肺,,,大肠,,,胃,,,,,,,"['清热','涤痰','宽胸','散结','润燥','滑肠']"
瓜蒌皮,寒,,,,,,,甘,,,肺,,,,,,胃,,,,,,,"['清肺','化痰','利气','宽胸']"
广藿香,,,微温,,,,,,辛,,肺,,,,,,胃,,,脾,,,,"['芳香','化浊','开胃','止呕','发表','解暑']"
桂枝,,,温,,,,,甘,辛,,肺,,心,,,,,,膀胱,,,,,"['发表','解肌','温经','通脉','助阳','化气','平冲','降气']"
诃子,,,,,平,酸,苦,,,,肺,,,大肠,,,,,,,,,,"['涩肠','敛肺','降水','利咽']"
荷叶,,,,,平,,苦,,,,,,,,,,胃,,,脾,肝,,,"['清暑','化湿','升发','清阳','凉血','止血']"
黑芝麻,,,,,平,,,甘,,,,,,大肠,,,,,,,肝,肾,,"['补肝肾','益精血','润肠燥']"
红参,,,温,,,,微苦,甘,,,肺,,心,,,,,,,脾,,肾,,"['大补','元气','复脉','固脱','益气','摄血']"
红花,,,温,,,,,,辛,,,,心,,,,,,,,肝,,,"['活血','通经','散瘀','止痛']"
红景天,,,,,平,,苦,甘,,,肺,,心,,,,,,,,,,,"['益气','活血','通脉','平喘']"
虎杖,微寒,,,,,,微苦,,,,肺,,,,,,,胆,,,肝,,,"['祛风','利湿','散瘀','止痛','止咳','化痰']"
化橘红,,,温,,,,苦,,辛,,肺,,,,,,,,,脾,,,,"['散寒','燥湿','利气','消痰']"
黄柏,寒,,,,,,苦,,,,,,,,,,,,膀胱,,,肾,,"['清热','燥湿','泻火','除蒸','解毒','疗疮']"
黄连,寒,,,,,,苦,,,,,,心,大肠,,,胃,胆,,脾,肝,,,"['清热','燥湿','泻火','解毒']"
黄芪,,,微温,,,,,甘,,,肺,,,,,,,,,脾,,,,"['补气','固表','利尿','托毒','排脓','生肌']"
黄芩,寒,,,,,,苦,,,,肺,,,大肠,,小肠,,胆,,脾,,,,"['清热','燥湿','泻火','解毒','止血','安胎']"
僵蚕,,,,,平,,,,辛,咸,肺,,,,,,胃,,,,肝,,,"['祛风','定惊','化痰','散结']"
降香,,,温,,,,,,辛,,,,心,,,,,,,脾,肝,,,"['行气','活血','止痛','止血']"
芥子,,,温,,,,,,辛,,肺,,,,,,,,,,,,,"['温肺','豁痰','利气','散结','通络','止痛']"
金荞麦,,,,凉,,,,,微辛,,肺,,,,,,,,,,,,,"['清热','解毒','排脓','祛瘀']"
金银花,寒,,,,,,,甘,,,肺,,心,,,,胃,,,,,,,"['清热','解毒','凉散','风热']"
京大戟,寒,,,,,,苦,,,,肺,,,,,,,,,脾,,肾,有毒,"['泻水','逐饮','消肿','散结']"
荆芥,,,微温,,,,,,辛,,肺,,,,,,,,,,肝,,,"['发表','散风','透疹']"
荆芥穗,,,微温,,,,,,辛,,肺,,,,,,,,,,肝,,,"['解表','散风','消疮','透疹']"
桔梗,,,,,平,,苦,,辛,,肺,,,,,,,,,,,,,"['宣肺','祛痰','利咽','排脓']"
菊花,微寒,,,,,,苦,甘,,,肺,,,,,,,,,,肝,,,"['散风','清热','平肝','明目']"
苦杏仁,,,微温,,,,苦,,,,肺,,,大肠,,,,,,,,,,"['降气','止咳','平喘','润肠','通便']"
款冬花,,,温,,,,微苦,,辛,,肺,,,,,,,,,,,,,"['润肺','下气','止咳','化痰']"
莱菔子,,,,,平,,,甘,辛,,肺,,,,,,胃,,,脾,,,,"['下气','祛痰','消食','化积']"
连翘,微寒,,,,,,苦,,,,肺,,心,,,小肠,,,,,,,,"['清热','解毒','消肿','散结']"
羚羊角,寒,,,,,,,,,咸,,,心,,,,,,,,肝,,,"['平肝','息风','清肝','明目','散血','解毒']"
芦根,寒,,,,,,,甘,,,肺,,,,,,胃,,,,,,,"['清热','生津','除烦','止呕','利尿']"
鹿角胶,,,温,,,,,甘,,咸,,,,,,,,,,,肝,肾,,"['补肾','益肝','养血','益精']"
鹿茸,,,温,,,,,甘,,咸,,,,,,,,,,,肝,肾,,"['壮肾阳','益精血','强筋骨','调冲任','托疮毒']"
麻黄,,,温,,,,微苦,,辛,,肺,,,,,,,,膀胱,,,,,"['发汗','散寒','宣肺','平喘','利水','消肿']"
麦冬,微寒,,,,,,微苦,甘,,,肺,,心,,,,胃,,,,,,,"['养阴','生津','润肺','清心']"
麦芽,,,,,平,,,甘,,,,,,,,,胃,,,脾,,,,"['行气','消食','健脾','开胃','退乳','消胀']"
芒硝,寒,,,,,,苦,,,咸,,,,大肠,,,胃,,,,,,,"['泻热','通便','润燥','软坚','清火','消肿']"
绵马贯众,微寒,,,,,,苦,,,,,,,,,,胃,,,,肝,,,"['驱虫','止血','清热','解毒']"
墨旱莲,寒,,,,,酸,,甘,,,,,,,,,,,,,肝,肾,,"['滋补','肝肾','凉血','止血']"
牡丹皮,微寒,,,,,,苦,,辛,,,,心,,,,,,,,肝,肾,,"['清热','凉血','活血','化瘀']"
木蝴蝶,,,,凉,,,苦,甘,,,肺,,,,,,胃,,,,肝,,,"['清肺','利咽','疏肝','和胃']"
南沙参,微寒,,,,,,,甘,,,肺,,,,,,胃,,,,,,,"['养阴','清肺','益胃','生津','化痰','益气']"
牛蒡子,寒,,,,,,苦,,辛,,肺,,,,,,胃,,,,,,,"['疏散','风热','宣肺','透疹','消肿','解毒']"
佩兰,,,,,平,,,,辛,,肺,,,,,,胃,,,脾,,,,"['芳香','化湿','醒脾','开胃','发表','解暑']"
枇杷叶,微寒,,,,,,苦,,,,肺,,,,,,胃,,,,,,,"['清肺','止咳','降逆','止呕']"
蒲公英,寒,,,,,,苦,甘,,,,,,,,,胃,,,,肝,,,"['清热','解毒','利尿','散结']"
前胡,微寒,,,,,,苦,,辛,,肺,,,,,,,,,,,,,"['发表','镇痛','降气','化痰']"
羌活,,,温,,,,苦,,辛,,,,,,,,,,膀胱,,,肾,,"['解表','散寒','祛风','除湿','止痛']"
青黛,寒,,,,,,,,,咸,,,,,,,,,,,肝,,,"['清热','凉血','定惊']"
青果,,,,,平,酸,,甘,,,肺,,,,,,胃,,,,,,,"['清热','利咽','生津','解毒']"
青蒿,寒,,,,,,苦,,辛,,,,,,,,,胆,,,肝,,,"['清热','解毒','除骨蒸','截疟']"
人参,,,温,,,,微苦,甘,,,肺,,心,,,,,,,脾,,肾,,"['大补','元气','复脉','固脱','补脾','益肺','生津','安神']"
忍冬藤,寒,,,,,,,甘,,,肺,,,,,,胃,,,,,,,"['清热','解毒','疏风','通络']"
肉苁蓉,,,温,,,,,甘,,咸,,,,大肠,,,,,,,,肾,,"['补肾阳','益精血','润肠','通便']"
肉桂,,大热,,,,,,甘,辛,,,,心,,,,,,,脾,肝,肾,,"['补火','助阳','引火','归元','散寒','止痛','温通','经脉']"
三七,,,温,,,,微苦,甘,,,,,,,,,胃,,,,肝,,,"['散瘀','止血','消肿','定痛']"
桑寄生,,,,,平,,苦,甘,,,,,,,,,,,,,肝,肾,,"['补肝肾','强筋骨','祛风湿','安胎元']"
桑叶,寒,,,,,,苦,甘,,,肺,,,,,,,,,,肝,,,"['疏散','风热','清肺','润燥','清肝','明目']"
桑枝,,,,,平,,苦,,,,,,,,,,,,,,肝,,,"['祛风湿','通经络','行水气']"
砂仁,,,温,,,,,,辛,,,,,,,,胃,,,脾,,肾,,"['化湿','开胃','温脾','止泻','理气','安胎']"
山豆根,寒,,,,,,苦,,,,肺,,,,,,胃,,,,,,有毒,"['清热','解毒','消肿','利咽']"
山柰,,,温,,,,,,辛,,,,心,,,,胃,,,,,,,"['行气','温中','消食','止痛']"
山药,,,,,平,,,甘,,,肺,,,,,,,,,脾,,肾,,"['补脾','养胃','生津','益肺','补肾','涩精']"
山楂,,,微温,,,酸,,甘,,,,,,,,,胃,,,脾,肝,,,"['消食','健脾','行气','消瘀']"
山茱萸,,,微温,,,酸,,,,,,,,,,,,,,,肝,肾,,"['补益','肝肾','收涩','固脱']"
芍药,微寒,,,,,酸,苦,,,,,,,,,,,,,脾,肝,,,"['养血','调经','敛阴','止汗','柔肝','止痛','平抑肝阳']"
射干,寒,,,,,,苦,,,,肺,,,,,,,,,,,,,"['清热','解毒','消痰','利咽']"
麝香,,,温,,,,,,辛,,,,心,,,,,,,脾,,,,"['开窍','醒神','活血','通经','消肿','止痛']"
升麻,微寒,,,,,,,微甘,辛,,肺,,,大肠,,,胃,,,脾,,,,"['发表','透疹','清热','解毒','升举','阳气']"
生姜,,,微温,,,,,,辛,,肺,,,,,,胃,,,脾,,,,"['散寒','解表','降逆','止呕','化痰','止咳','解鱼','蟹毒']"
石菖蒲,,,微温,,,,苦,,辛,,,,心,,,,胃,,,,,,,"['开窍','豁痰','理气','活血','散风','去湿']"
石膏,大寒,,,,,,,甘,辛,,肺,,,,,,胃,,,,,,,"['清热','降火','除烦','止渴']"
首乌藤,,,,,平,,,甘,,,,,心,,,,,,,,肝,,,"['养血','安神','祛风','通络']"
熟地黄,,,微温,,,,,甘,,,,,,,,,,,,,肝,肾,,"['补血','滋阴','益精','填髓']"
水牛角,寒,,,,,,苦,,,,,,心,,,,,,,,肝,,,"['清热','解毒','凉血','定惊']"
苏合香,,,温,,,,,,辛,,,,心,,,,,,,脾,,,,"['开窍','辟秽','止痛']"
桃仁,,,,,平,,苦,甘,,,,,心,大肠,,,,,,,肝,,,"['活血','祛痰','润肠','通便']"
天花粉,微寒,,,,,,微苦,甘,,,肺,,,,,,胃,,,,,,,"['清热','生津','消肿','排脓']"
葶苈子,大寒,,,,,,苦,,辛,,肺,,,,,,,,膀胱,,,,,"['泻肺','平喘','行气','消肿']"
通草,微寒,,,,,,,甘,,,肺,,,,,,胃,,,,,,,"['清热','利尿','通气','下乳']"
土茯苓,,,,,平,,,甘,,,,,,,,,胃,,,,肝,,,"['解毒','利尿','通利','关节']"
威灵仙,,,温,,,,,,辛,咸,,,,,,,,,膀胱,,,,,"['祛风','除湿','通络','止痛']"
五味子,,,温,,,酸,,甘,,,肺,,心,,,,,,,,,肾,,"['收敛','固涩','益气','生津','补肾','宁心']"
西洋参,,,,凉,,,微苦,甘,,,肺,,心,,,,,,,,,肾,,"['补气','养阴','清热','生津']"
豨莶草,寒,,,,,,苦,,辛,,,,,,,,,,,,肝,肾,,"['祛风湿','利关节','解毒']"
细辛,,,温,,,,,,辛,,肺,,心,,,,,,,,,肾,,"['祛风','散寒','通窍','止痛','温肺','祛痰']"
香附,,,,,平,,微苦,微甘,辛,,,,,,三焦,,,,,,肝,,,"['行气','解郁','调经','止痛']"
雄黄,,,温,,,,,,辛,,,,,大肠,,,,,,,肝,,,"['解毒','杀虫','燥湿','祛痰','截疟']"
徐长卿,,,温,,,,,,辛,,,,,,,,胃,,,,肝,,,"['祛风','化湿','行气','通络']"
玄参,微寒,,,,,,苦,甘,,咸,肺,,,,,,胃,,,,,肾,,"['凉血','滋阴','泻火','解毒']"
鸦胆子,寒,,,,,,苦,,,,,,,大肠,,,,,,,肝,,有毒,"['清热','解毒','截疟','止痢','腐蚀','赘疣']"
薏苡仁,,,,凉,,,,甘,,,肺,,,,,,胃,,,脾,,,,"['健脾','利湿','除痹','止泻','清热','排脓']"
茵陈,微寒,,,,,,苦,,辛,,,,,,,,胃,,膀胱,脾,,,,"['清湿热','退黄疸']"
鱼腥草,微寒,,,,,,,,辛,,肺,,,,,,,,,,,,,"['清热','解毒','消痈','排脓','利尿','通淋']"
玉竹,微寒,,,,,,,甘,,,肺,,,,,,胃,,,,,,,"['养阴','润燥','生津','止渴']"
郁金,寒,,,,,,苦,,辛,,肺,,心,,,,,,,,肝,,,"['活血','止痛','行气','化疥','清心','解郁','利胆','退黄']"
泽兰,,,微温,,,,苦,,,,,,,,,,,,,脾,肝,,,"['行血','利尿','散郁','舒肝']"
泽泻,寒,,,,,,,甘,,,,,,,,,,,膀胱,,,肾,,"['利小便','清湿热']"
浙贝母,寒,,,,,,苦,,,,肺,,心,,,,,,,,,,,"['清热','散结','化痰','止咳']"
知母,寒,,,,,,苦,甘,,,肺,,,,,,胃,,,,,肾,,"['清热','泻火','生津','润燥']"
栀子,寒,,,,,,苦,,,,肺,,心,,三焦,,,,,,,,,"['泻火','除烦','清热','利尿','凉血','解毒','消肿','止痛']"
枳壳,,,温,,,酸,苦,,辛,,,,,,,,胃,,,脾,,,,"['理气','宽中','行滞','消胀']"
枳实,微寒,,,,,酸,苦,,辛,,,,,,,,胃,,,脾,,,,"['破气','消积','化痰','散痞']"
炙甘草,,,温,,,,,甘,,,肺,,心,,,,胃,,,脾,,,,"['补脾','和胃','益气','复脉']"
炙黄芪,,,温,,,,,甘,,,肺,,,,,,,,,脾,,,,"['益气','补中']"
猪苓,,,,,平,,,甘,,,,,,,,,,,膀胱,,,肾,,"['利尿','渗湿']"
竹茹,微寒,,,,,,,甘,,,,,,,,,胃,胆,,脾,,,,"['清热','化痰','除烦','止呕']"
紫草,寒,,,,,,,甘,,咸,,,心,,,,,,,,肝,,,"['凉血','活血','解毒','透疹']"
紫苏叶,,,温,,,,,,辛,,肺,,,,,,,,,脾,,,,"['解表','散寒','行气','和胃']"
紫菀,,,微温,,,,苦,甘,辛,,肺,,,,,,,,,,,,,"['润肺','化痰','止咳']"
人工牛黄,,,,凉,,,,甘,,,,,心,,,,,,,,肝,,,"['清心','豁痰','开窍','凉肝','息风','解毒']"
地黄,寒,,,,,,,甘,,,,,心,,,,,,,,肝,肾,,"['清热','凉血','养阴','生津']"
法半夏,,,温,,,,,,辛,,肺,,,,,,胃,,,脾,,,小毒,燥湿化痰
姜半夏,,,温,,,,,,辛,,肺,,,,,,胃,,,脾,,,有毒,燥湿化痰，降逆止呕
清半夏,,,温,,,,,,辛,,,,,,,,胃,,,脾,,,有毒,燥湿化痰，降逆止呕，消痞散结
