head	relation	tail
TCM_ID:HTHP00071	modulates	Protein:VCP
TCM_ID:HTHP00010	modulates	Protein:ADRB3
TCM_ID:HTHP00010	modulates	Protein:PM20D2
TCM_ID:HTHP00010	modulates	Protein:Dpml
TCM_ID:HTHP00010	modulates	Protein:CYP3A4
TCM_ID:HTHP00010	modulates	Protein:HSD17B3
TCM_ID:HTHP00010	modulates	Protein:ACHE
TCM_ID:HTHP00010	modulates	Protein:ACP4
TCM_ID:HTHP00010	modulates	Protein:RTP1
TCM_ID:HTHP00010	modulates	Protein:CHRM1
TCM_ID:HTHP00010	modulates	Protein:IGHG1
TCM_ID:HTHP00010	modulates	Protein:SLC6A2
TCM_ID:HTHP00010	modulates	Protein:PTGS2
TCM_ID:HTHP00010	modulates	Protein:RXRA
TCM_ID:HTHP00010	modulates	Protein:SLC6A3
TCM_ID:HTHP00010	modulates	Protein:PTGS1
TCM_ID:HTHP00010	modulates	Protein:PGR
TCM_ID:HTHP00010	modulates	Protein:ADRB2
TCM_ID:HTHP00010	modulates	Protein:ADRA1A
TCM_ID:HTHP00010	modulates	Protein:ADRB1
TCM_ID:HTHP00010	modulates	Protein:DHTKD1
TCM_ID:HTHP00010	modulates	Protein:APAF1
TCM_ID:HTHP00010	modulates	Protein:XIAP
TCM_ID:HTHP00010	modulates	Protein:BIRC5
TCM_ID:HTHP00010	modulates	Protein:ATP1A1
TCM_ID:HTHP00010	modulates	Protein:ATP1A2
TCM_ID:HTHP00010	modulates	Protein:ATP1A3
TCM_ID:HTHP00010	modulates	Protein:ATP12A
TCM_ID:HTHP00010	modulates	Protein:ATP1A4
TCM_ID:HTHP00010	modulates	Protein:ATP2A1
TCM_ID:HTHP00010	modulates	Protein:ATP2A2
TCM_ID:HTHP00010	modulates	Protein:ATP2A3
TCM_ID:HTHP00010	modulates	Protein:ATP4A
TCM_ID:HTHP00010	modulates	Protein:BAX
TCM_ID:HTHP00010	modulates	TF:CCND1
TCM_ID:HTHP00010	modulates	Protein:BCL2
TCM_ID:HTHP00010	modulates	Protein:BID
TCM_ID:HTHP00010	modulates	Protein:CASP3
TCM_ID:HTHP00010	modulates	Protein:CASP9
TCM_ID:HTHP00010	modulates	Protein:CDK4
TCM_ID:HTHP00010	modulates	Protein:KLKB1
TCM_ID:HTHP00010	modulates	Protein:MMP2
TCM_ID:HTHP00010	modulates	Protein:MMP9
TCM_ID:HTHP00010	modulates	Protein:PRNP
TCM_ID:HTHP00010	modulates	TF:TP53
TCM_ID:HTHP00010	modulates	Protein:TNFRSF10B
TCM_ID:HTHP00010	modulates	Protein:CFLAR
TCM_ID:HTHP00010	modulates	Protein:GDF15
TCM_ID:HTHP00010	modulates	Protein:ATP2C2
TCM_ID:HTHP00010	modulates	Protein:DUSP10
TCM_ID:HTHP00010	modulates	Protein:ATP11B
TCM_ID:HTHP00010	modulates	Protein:ATP13A1
TCM_ID:HTHP00010	modulates	Protein:ATP10A
TCM_ID:HTHP00010	modulates	Protein:ATP8B2
TCM_ID:HTHP00010	modulates	Protein:ATP8B4
TCM_ID:HTHP00010	modulates	Protein:ATP11C
TCM_ID:HTHP00010	modulates	Protein:OXA1L
TCM_ID:HTHP00010	modulates	TF:JUN
TCM_ID:HTHP00010	modulates	TF:PPARG
TCM_ID:HTHP00010	modulates	TF:RELA
TCM_ID:HTHP00010	modulates	Protein:TCEAL7
TCM_ID:HTHP00010	modulates	Protein:Ptges3-ps
TCM_ID:HTHP00010	modulates	Protein:Api5-ps
TCM_ID:HTHP00010	modulates	Protein:ALOX5
TCM_ID:HTHP00010	modulates	Protein:FASLG
TCM_ID:HTHP00010	modulates	Protein:HMOX1
TCM_ID:HTHP00010	modulates	Protein:TRPV1
TCM_ID:HTHP00010	modulates	Protein:ACTB
TCM_ID:HTHP00010	modulates	Protein:ADARB1
TCM_ID:HTHP00010	modulates	Protein:CASP8
TCM_ID:HTHP00010	modulates	Protein:F3
TCM_ID:HTHP00010	modulates	TF:HIF1A
TCM_ID:HTHP00010	modulates	Protein:HLA-B
TCM_ID:HTHP00010	modulates	Protein:IL6
TCM_ID:HTHP00010	modulates	Protein:CXCL8
TCM_ID:HTHP00010	modulates	Protein:IL10
TCM_ID:HTHP00010	modulates	TF:MYC
TCM_ID:HTHP00010	modulates	Protein:NTRK2
TCM_ID:HTHP00010	modulates	Protein:PTGER3
TCM_ID:HTHP00010	modulates	Protein:TNF
TCM_ID:HTHP00010	modulates	Protein:VEGFA
TCM_ID:HTHP00010	modulates	Protein:TRMT12
TCM_ID:HTHP00010	modulates	Protein:TFB2M
TCM_ID:HTHP00010	modulates	Protein:POTEE
TCM_ID:HTHP00010	modulates	Protein:POTEI
TCM_ID:HTHP00010	modulates	Protein:POTEJ
TCM_ID:HTHP00010	modulates	Protein:MAOB
TCM_ID:HTHP00010	modulates	Protein:CYP1A1
TCM_ID:HTHP00010	modulates	TF:AHR
TCM_ID:HTHP00010	modulates	Protein:AKT1
TCM_ID:HTHP00010	modulates	Protein:ANK3
TCM_ID:HTHP00010	modulates	Protein:BARD1
TCM_ID:HTHP00010	modulates	Protein:CAT
TCM_ID:HTHP00010	modulates	Protein:CD36
TCM_ID:HTHP00010	modulates	Protein:COX6A1
TCM_ID:HTHP00010	modulates	Protein:CRP
TCM_ID:HTHP00010	modulates	Protein:CYP2B6
TCM_ID:HTHP00010	modulates	Protein:E2F6
TCM_ID:HTHP00010	modulates	Protein:GSTP1
TCM_ID:HTHP00010	modulates	Protein:GTF2H2
TCM_ID:HTHP00010	modulates	Protein:ILK
TCM_ID:HTHP00010	modulates	Protein:NFKBIA
TCM_ID:HTHP00010	modulates	Protein:NFKBIB
TCM_ID:HTHP00010	modulates	Protein:PCOLCE
TCM_ID:HTHP00010	modulates	Protein:PRKCA
TCM_ID:HTHP00010	modulates	Protein:PRKCB
TCM_ID:HTHP00010	modulates	Protein:SOD1
TCM_ID:HTHP00010	modulates	TF:STAT1
TCM_ID:HTHP00010	modulates	Protein:STAT5B
TCM_ID:HTHP00010	modulates	Protein:TGFB1
TCM_ID:HTHP00010	modulates	Protein:UCP2
TCM_ID:HTHP00010	modulates	Protein:XRCC2
TCM_ID:HTHP00010	modulates	Protein:AHSA1
TCM_ID:HTHP00010	modulates	Protein:RASSF1
TCM_ID:HTHP00010	modulates	Protein:SHANK2
TCM_ID:HTHP00010	modulates	Protein:RAI14
TCM_ID:HTHP00010	modulates	Protein:MRPL35
TCM_ID:HTHP00010	modulates	Protein:ASB1
TCM_ID:HTHP00010	modulates	Protein:C12orf4
TCM_ID:HTHP00010	modulates	Protein:GABPB2
TCM_ID:HTHP00010	modulates	Protein:MAP2
TCM_ID:HTHP00010	modulates	Protein:PON1
TCM_ID:HTHP00010	modulates	Protein:TRPA1
TCM_ID:HTHP00010	modulates	Protein:HMGCR
TCM_ID:HTHP00010	modulates	Protein:TP53COR1
TCM_ID:HTHP00010	modulates	Protein:Cox20b
TCM_ID:HTHP00010	modulates	Protein:ANKRD17
TCM_ID:HTHP00010	modulates	Protein:CYP1B1
TCM_ID:HTHP00010	modulates	Protein:E2F2
TCM_ID:HTHP00010	modulates	Protein:ARNTL2
TCM_ID:HTHP00010	modulates	Protein:ALOXE3
TCM_ID:HTHP00010	modulates	Protein:NOSTRIN
TCM_ID:HTHP00010	modulates	Protein:Ccpg1os
TCM_ID:HTHP00010	modulates	Protein:Mapk6-ps1
TCM_ID:HTHP00010	modulates	Protein:Tstap198-15
TCM_ID:HTHP00010	modulates	Protein:COX10
TCM_ID:HTHP00010	modulates	Protein:DIO1
TCM_ID:HTHP00010	modulates	Protein:HAS2
TCM_ID:HTHP00010	modulates	Protein:POLD1
TCM_ID:HTHP00010	modulates	Protein:Idd6.3
TCM_ID:HTHP00010	modulates	Protein:Gssos2
TCM_ID:HTHP00010	modulates	Protein:Ciaaq1
TCM_ID:HTHP00088	modulates	TF:NR3C1
TCM_ID:HTHP00088	modulates	Protein:PM20D2
TCM_ID:HTHP00088	modulates	Protein:ACP4
TCM_ID:HTHP00088	modulates	Protein:IGHG1
TCM_ID:HTHP00088	modulates	Protein:SLC44A2
TCM_ID:HTHP00088	modulates	TF:SREBF2
TCM_ID:HTHP00088	modulates	Protein:HK1
TCM_ID:HTHP00100	modulates	Protein:AKT1
TCM_ID:HTHP00100	modulates	TF:AR
TCM_ID:HTHP00100	modulates	Protein:BAD
TCM_ID:HTHP00100	modulates	Protein:BAX
TCM_ID:HTHP00100	modulates	TF:CCND1
TCM_ID:HTHP00100	modulates	Protein:BCL2
TCM_ID:HTHP00100	modulates	Protein:CALM3
TCM_ID:HTHP00100	modulates	Protein:CASP3
TCM_ID:HTHP00100	modulates	Protein:CASP9
TCM_ID:HTHP00100	modulates	Protein:CCNA2
TCM_ID:HTHP00100	modulates	Protein:CCND2
TCM_ID:HTHP00100	modulates	Protein:CDK2
TCM_ID:HTHP00100	modulates	Protein:CDK6
TCM_ID:HTHP00100	modulates	Protein:CDKN1A
TCM_ID:HTHP00100	modulates	Protein:CDKN2A
TCM_ID:HTHP00100	modulates	Protein:COX10
TCM_ID:HTHP00100	modulates	TF:ESR1
TCM_ID:HTHP00100	modulates	Protein:FCER2
TCM_ID:HTHP00100	modulates	Protein:FOS
TCM_ID:HTHP00100	modulates	Protein:GSK3A
TCM_ID:HTHP00100	modulates	Protein:GSK3B
TCM_ID:HTHP00100	modulates	TF:HIF1A
TCM_ID:HTHP00100	modulates	Protein:HMOX1
TCM_ID:HTHP00100	modulates	Protein:ICAM1
TCM_ID:HTHP00100	modulates	Protein:IFNG
TCM_ID:HTHP00100	modulates	Protein:IGF1R
TCM_ID:HTHP00100	modulates	Protein:IL2
TCM_ID:HTHP00100	modulates	Protein:IL4
TCM_ID:HTHP00100	modulates	Protein:INS
TCM_ID:HTHP00100	modulates	Protein:EIF6
TCM_ID:HTHP00100	modulates	TF:JUN
TCM_ID:HTHP00100	modulates	Protein:MDM2
TCM_ID:HTHP00100	modulates	Protein:MMP1
TCM_ID:HTHP00100	modulates	Protein:MMP9
TCM_ID:HTHP00100	modulates	Protein:NOS2
TCM_ID:HTHP00100	modulates	Protein:PLAU
TCM_ID:HTHP00100	modulates	Protein:POLD1
TCM_ID:HTHP00100	modulates	Protein:PRSS1
TCM_ID:HTHP00100	modulates	Protein:PSMD3
TCM_ID:HTHP00100	modulates	Protein:PTGS2
TCM_ID:HTHP00100	modulates	TF:RELA
TCM_ID:HTHP00100	modulates	Protein:TNF
TCM_ID:HTHP00100	modulates	TF:TP53
TCM_ID:HTHP00100	modulates	Protein:TRPM2
TCM_ID:HTHP00100	modulates	Protein:VEGFA
TCM_ID:HTHP00100	modulates	Protein:VEZF1
TCM_ID:HTHP00100	modulates	Protein:CREG1
TCM_ID:HTHP00100	modulates	Protein:EBAG9
TCM_ID:HTHP00100	modulates	Protein:EEF1E1
TCM_ID:HTHP00100	modulates	Protein:PSME3
TCM_ID:HTHP00100	modulates	Protein:AHSA1
TCM_ID:HTHP00100	modulates	Protein:CYCS
TCM_ID:HTHP00100	modulates	Protein:TCEAL7
TCM_ID:HTHP00100	modulates	Protein:ADTRP
TCM_ID:HTHP00100	modulates	Protein:NOSTRIN
TCM_ID:HTHP00100	modulates	Protein:KSR2
TCM_ID:HTHP00100	modulates	Protein:Ccpg1os
TCM_ID:HTHP00100	modulates	Protein:Ptges3-ps
TCM_ID:HTHP00100	modulates	Protein:Api5-ps
TCM_ID:HTHP00100	modulates	Protein:TP53COR1
TCM_ID:HTHP00100	modulates	Protein:Cox20b
TCM_ID:HTHP00100	modulates	Protein:ALDH3A1
TCM_ID:HTHP00100	modulates	Protein:KLK3
TCM_ID:HTHP00100	modulates	Protein:AQP9
TCM_ID:HTHP00100	modulates	Protein:ATP5F1B
TCM_ID:HTHP00100	modulates	Protein:B2M
TCM_ID:HTHP00100	modulates	Protein:CBS
TCM_ID:HTHP00100	modulates	Protein:CDK5
TCM_ID:HTHP00100	modulates	Protein:ABCC2
TCM_ID:HTHP00100	modulates	TF:CTNNB1
TCM_ID:HTHP00100	modulates	Protein:CYP3A4
TCM_ID:HTHP00100	modulates	Protein:EGFR
TCM_ID:HTHP00100	modulates	Protein:ERBB2
TCM_ID:HTHP00100	modulates	Protein:ERCC1
TCM_ID:HTHP00100	modulates	Protein:ERCC4
TCM_ID:HTHP00100	modulates	Protein:GFAP
TCM_ID:HTHP00100	modulates	Protein:GOT2
TCM_ID:HTHP00100	modulates	Protein:HGF
TCM_ID:HTHP00100	modulates	Protein:IKBKB
TCM_ID:HTHP00100	modulates	Protein:IL1B
TCM_ID:HTHP00100	modulates	Protein:IL6
TCM_ID:HTHP00100	modulates	Protein:CXCL8
TCM_ID:HTHP00100	modulates	Protein:KRT1
TCM_ID:HTHP00100	modulates	Protein:LIG4
TCM_ID:HTHP00100	modulates	Protein:LTF
TCM_ID:HTHP00100	modulates	Protein:MT2A
TCM_ID:HTHP00100	modulates	Protein:NOS3
TCM_ID:HTHP00100	modulates	Protein:OGG1
TCM_ID:HTHP00100	modulates	Protein:P4HB
TCM_ID:HTHP00100	modulates	Protein:PCNA
TCM_ID:HTHP00100	modulates	Protein:PFKFB3
TCM_ID:HTHP00100	modulates	Protein:PML
TCM_ID:HTHP00100	modulates	Protein:POLB
TCM_ID:HTHP00100	modulates	TF:PPARG
TCM_ID:HTHP00100	modulates	Protein:PRL
TCM_ID:HTHP00100	modulates	Protein:RAC1
TCM_ID:HTHP00100	modulates	Protein:RAD23A
TCM_ID:HTHP00100	modulates	Protein:RGS1
TCM_ID:HTHP00100	modulates	Protein:MAPK12
TCM_ID:HTHP00100	modulates	Protein:SHMT1
TCM_ID:HTHP00100	modulates	Protein:SLC3A2
TCM_ID:HTHP00100	modulates	Protein:SOD2
TCM_ID:HTHP00100	modulates	Protein:SSBP1
TCM_ID:HTHP00100	modulates	Protein:TGFB1
TCM_ID:HTHP00100	modulates	Protein:VCAM1
TCM_ID:HTHP00100	modulates	Protein:TNFSF10
TCM_ID:HTHP00100	modulates	Protein:CD83
TCM_ID:HTHP00100	modulates	Protein:TMPRSS11D
TCM_ID:HTHP00100	modulates	Protein:PRDX6
TCM_ID:HTHP00100	modulates	Protein:ABCC4
TCM_ID:HTHP00100	modulates	Protein:TUBB4A
TCM_ID:HTHP00100	modulates	Protein:TUBB4B
TCM_ID:HTHP00100	modulates	Protein:PRDX5
TCM_ID:HTHP00100	modulates	Protein:CIDEB
TCM_ID:HTHP00100	modulates	Protein:TUBA8
TCM_ID:HTHP00100	modulates	Protein:SOX18
TCM_ID:HTHP00100	modulates	Protein:TUBB2B
TCM_ID:HTHP00100	modulates	Protein:ALB
TCM_ID:HTHP00100	modulates	Protein:CAV1
TCM_ID:HTHP00100	modulates	Protein:CYP1A2
TCM_ID:HTHP00100	modulates	Protein:CYP21A2
TCM_ID:HTHP00100	modulates	TF:ESR2
TCM_ID:HTHP00100	modulates	Protein:LDLR
TCM_ID:HTHP00100	modulates	TF:STAT1
TCM_ID:HTHP00100	modulates	Protein:TFF1
TCM_ID:HTHP00100	modulates	Protein:B4GALT7
TCM_ID:HTHP00100	modulates	Protein:LRP10
TCM_ID:HTHP00100	modulates	Protein:LARS1
TCM_ID:HTHP00100	modulates	Protein:ALDH2
TCM_ID:HTHP00100	modulates	Protein:ALDH3B2
TCM_ID:HTHP00100	modulates	Protein:BUB1
TCM_ID:HTHP00100	modulates	Protein:CFTR
TCM_ID:HTHP00100	modulates	Protein:CYP24A1
TCM_ID:HTHP00100	modulates	Protein:FN1
TCM_ID:HTHP00100	modulates	Protein:PTEN
TCM_ID:HTHP00100	modulates	Protein:TGFB2
TCM_ID:HTHP00100	modulates	Protein:MSLN
TCM_ID:HTHP00100	modulates	Protein:Cfmq2
TCM_ID:HTHP00100	modulates	Protein:DNTT
TCM_ID:HTHP00100	modulates	Protein:APP
TCM_ID:HTHP00100	modulates	Protein:Ncf2-rs
TCM_ID:HTHP00100	modulates	Protein:ACR
TCM_ID:HTHP00100	modulates	Protein:ACP2
TCM_ID:HTHP00100	modulates	Protein:AMY1A
TCM_ID:HTHP00100	modulates	Protein:AMY2B
TCM_ID:HTHP00100	modulates	Protein:APLP2
TCM_ID:HTHP00100	modulates	Protein:AQP8
TCM_ID:HTHP00100	modulates	Protein:AQP6
TCM_ID:HTHP00100	modulates	Protein:AZU1
TCM_ID:HTHP00100	modulates	Protein:CFB
TCM_ID:HTHP00100	modulates	Protein:BLMH
TCM_ID:HTHP00100	modulates	Protein:C1S
TCM_ID:HTHP00100	modulates	Protein:C2
TCM_ID:HTHP00100	modulates	Protein:CACNB3
TCM_ID:HTHP00100	modulates	Protein:CACNB4
TCM_ID:HTHP00100	modulates	Protein:CALM1
TCM_ID:HTHP00100	modulates	Protein:CD40
TCM_ID:HTHP00100	modulates	Protein:CEACAM7
TCM_ID:HTHP00100	modulates	Protein:CMA1
TCM_ID:HTHP00100	modulates	Protein:SLC31A2
TCM_ID:HTHP00100	modulates	Protein:CPA1
TCM_ID:HTHP00100	modulates	Protein:CPA2
TCM_ID:HTHP00100	modulates	Protein:CPA3
TCM_ID:HTHP00100	modulates	Protein:CPB1
TCM_ID:HTHP00100	modulates	Protein:CPB2
TCM_ID:HTHP00100	modulates	Protein:CTBP1
TCM_ID:HTHP00100	modulates	Protein:CTRB1
TCM_ID:HTHP00100	modulates	Protein:CTRL
TCM_ID:HTHP00100	modulates	Protein:CTSG
TCM_ID:HTHP00100	modulates	Protein:CYB561
TCM_ID:HTHP00100	modulates	Protein:CYP2A7
TCM_ID:HTHP00100	modulates	Protein:CYP3A7
TCM_ID:HTHP00100	modulates	Protein:CYP2A13
TCM_ID:HTHP00100	modulates	Protein:CYP2C18
TCM_ID:HTHP00100	modulates	Protein:CYP2F1
TCM_ID:HTHP00100	modulates	Protein:CYP2J2
TCM_ID:HTHP00100	modulates	Protein:CYP3A5
TCM_ID:HTHP00100	modulates	Protein:CYP4B1
TCM_ID:HTHP00100	modulates	Protein:CFD
TCM_ID:HTHP00100	modulates	Protein:CELA1
TCM_ID:HTHP00100	modulates	Protein:ELANE
TCM_ID:HTHP00100	modulates	Protein:F2
TCM_ID:HTHP00100	modulates	Protein:F7
TCM_ID:HTHP00100	modulates	Protein:F9
TCM_ID:HTHP00100	modulates	Protein:F10
TCM_ID:HTHP00100	modulates	Protein:F11
TCM_ID:HTHP00100	modulates	Protein:F12
TCM_ID:HTHP00100	modulates	Protein:FOXI1
TCM_ID:HTHP00100	modulates	Protein:GZMH
TCM_ID:HTHP00100	modulates	Protein:GZMA
TCM_ID:HTHP00100	modulates	Protein:GZMB
TCM_ID:HTHP00100	modulates	Protein:GZMK
TCM_ID:HTHP00100	modulates	Protein:GZMM
TCM_ID:HTHP00100	modulates	Protein:HABP2
TCM_ID:HTHP00100	modulates	Protein:HGFAC
TCM_ID:HTHP00100	modulates	Protein:HP
TCM_ID:HTHP00100	modulates	Protein:HPN
TCM_ID:HTHP00100	modulates	Protein:HPR
TCM_ID:HTHP00100	modulates	Protein:HTN1
TCM_ID:HTHP00100	modulates	Protein:CFI
TCM_ID:HTHP00100	modulates	Protein:IMPG1
TCM_ID:HTHP00100	modulates	Protein:KLK1
TCM_ID:HTHP00100	modulates	Protein:KLK2
TCM_ID:HTHP00100	modulates	Protein:KLKB1
TCM_ID:HTHP00100	modulates	Protein:LPA
TCM_ID:HTHP00100	modulates	Protein:MST1
TCM_ID:HTHP00100	modulates	Protein:NAP1L1
TCM_ID:HTHP00100	modulates	Protein:PLAT
TCM_ID:HTHP00100	modulates	Protein:PLG
TCM_ID:HTHP00100	modulates	Protein:PLGLB1
TCM_ID:HTHP00100	modulates	Protein:PPIA
TCM_ID:HTHP00100	modulates	Protein:PROC
TCM_ID:HTHP00100	modulates	Protein:PRSS3
TCM_ID:HTHP00100	modulates	Protein:MASP1
TCM_ID:HTHP00100	modulates	Protein:KLK7
TCM_ID:HTHP00100	modulates	Protein:TMPRSS15
TCM_ID:HTHP00100	modulates	Protein:PRSS8
TCM_ID:HTHP00100	modulates	Protein:KLK6
TCM_ID:HTHP00100	modulates	Protein:KLK10
TCM_ID:HTHP00100	modulates	Protein:PRTN3
TCM_ID:HTHP00100	modulates	Protein:PSPH
TCM_ID:HTHP00100	modulates	Protein:RPS27A
TCM_ID:HTHP00100	modulates	Protein:SLC1A1
TCM_ID:HTHP00100	modulates	Protein:SLC1A4
TCM_ID:HTHP00100	modulates	Protein:SLC3A1
TCM_ID:HTHP00100	modulates	Protein:SSR2
TCM_ID:HTHP00100	modulates	Protein:ST14
TCM_ID:HTHP00100	modulates	Protein:TBXAS1
TCM_ID:HTHP00100	modulates	Protein:TSPAN7
TCM_ID:HTHP00100	modulates	Protein:TMPRSS2
TCM_ID:HTHP00100	modulates	Protein:TPSAB1
TCM_ID:HTHP00100	modulates	Protein:UBA52
TCM_ID:HTHP00100	modulates	Protein:UBB
TCM_ID:HTHP00100	modulates	Protein:UBC
TCM_ID:HTHP00100	modulates	Protein:ALDH5A1
TCM_ID:HTHP00100	modulates	Protein:MFAP5
TCM_ID:HTHP00100	modulates	Protein:SLC10A3
TCM_ID:HTHP00100	modulates	Protein:ARID1A
TCM_ID:HTHP00100	modulates	Protein:PRSS12
TCM_ID:HTHP00100	modulates	Protein:SAP30
TCM_ID:HTHP00100	modulates	Protein:PROZ
TCM_ID:HTHP00100	modulates	Protein:AIMP1
TCM_ID:HTHP00100	modulates	Protein:GTF3C5
TCM_ID:HTHP00100	modulates	Protein:MTRF1
TCM_ID:HTHP00100	modulates	Protein:KLK4
TCM_ID:HTHP00100	modulates	Protein:SEC24C
TCM_ID:HTHP00100	modulates	Protein:PDE4DIP
TCM_ID:HTHP00100	modulates	Protein:PLPPR4
TCM_ID:HTHP00100	modulates	Protein:MED16
TCM_ID:HTHP00100	modulates	Protein:CELA3A
TCM_ID:HTHP00100	modulates	Protein:RIDA
TCM_ID:HTHP00100	modulates	Protein:SLC30A9
TCM_ID:HTHP00100	modulates	Protein:PPIH
TCM_ID:HTHP00100	modulates	Protein:CD226
TCM_ID:HTHP00100	modulates	Protein:CSPG5
TCM_ID:HTHP00100	modulates	Protein:CORIN
TCM_ID:HTHP00100	modulates	Protein:USP39
TCM_ID:HTHP00100	modulates	Protein:MASP2
TCM_ID:HTHP00100	modulates	Protein:MTMR11
TCM_ID:HTHP00100	modulates	Protein:AFG3L2
TCM_ID:HTHP00100	modulates	Protein:PRSS21
TCM_ID:HTHP00100	modulates	Protein:KLK11
TCM_ID:HTHP00100	modulates	Protein:KLK8
TCM_ID:HTHP00100	modulates	Protein:CTRC
TCM_ID:HTHP00100	modulates	Protein:HABP4
TCM_ID:HTHP00100	modulates	Protein:AGTPBP1
TCM_ID:HTHP00100	modulates	Protein:LARS2
TCM_ID:HTHP00100	modulates	Protein:TPSD1
TCM_ID:HTHP00100	modulates	Protein:CELA3B
TCM_ID:HTHP00100	modulates	Protein:KLK5
TCM_ID:HTHP00100	modulates	Protein:TPSG1
TCM_ID:HTHP00100	modulates	Protein:POU2F3
TCM_ID:HTHP00100	modulates	Protein:DNAH1
TCM_ID:HTHP00100	modulates	Protein:KLK13
TCM_ID:HTHP00100	modulates	Protein:TMPRSS11E
TCM_ID:HTHP00100	modulates	Protein:PRSS50
TCM_ID:HTHP00100	modulates	Protein:CYP2S1
TCM_ID:HTHP00100	modulates	Protein:PIK3R4
TCM_ID:HTHP00100	modulates	Protein:KLK14
TCM_ID:HTHP00100	modulates	Protein:KLK12
TCM_ID:HTHP00100	modulates	Protein:CELA2B
TCM_ID:HTHP00100	modulates	Protein:CPA4
TCM_ID:HTHP00100	modulates	Protein:C1RL
TCM_ID:HTHP00100	modulates	Protein:RNF138
TCM_ID:HTHP00100	modulates	Protein:GET4
TCM_ID:HTHP00100	modulates	Protein:BANK1
TCM_ID:HTHP00100	modulates	Protein:KLK15
TCM_ID:HTHP00100	modulates	Protein:LANCL2
TCM_ID:HTHP00100	modulates	Protein:TMPRSS4
TCM_ID:HTHP00100	modulates	Protein:SH3GLB2
TCM_ID:HTHP00100	modulates	Protein:CPA6
TCM_ID:HTHP00100	modulates	Protein:CYP4F11
TCM_ID:HTHP00100	modulates	Protein:AGBL5
TCM_ID:HTHP00100	modulates	Protein:CELA2A
TCM_ID:HTHP00100	modulates	Protein:PRSS22
TCM_ID:HTHP00100	modulates	Protein:TMPRSS3
TCM_ID:HTHP00100	modulates	Protein:CYP4F12
TCM_ID:HTHP00100	modulates	Protein:TMPRSS5
TCM_ID:HTHP00100	modulates	Protein:NDEL1
TCM_ID:HTHP00100	modulates	Protein:ATAD3B
TCM_ID:HTHP00100	modulates	Protein:PRSS27
TCM_ID:HTHP00100	modulates	Protein:TMPRSS13
TCM_ID:HTHP00100	modulates	Protein:FCRLA
TCM_ID:HTHP00100	modulates	Protein:AGBL4
TCM_ID:HTHP00100	modulates	Protein:FTSJ3
TCM_ID:HTHP00100	modulates	Protein:ISCA2
TCM_ID:HTHP00100	modulates	Protein:AGBL1
TCM_ID:HTHP00100	modulates	Protein:CPO
TCM_ID:HTHP00100	modulates	Protein:TMPRSS11B
TCM_ID:HTHP00100	modulates	Protein:PRSS37
TCM_ID:HTHP00100	modulates	Protein:PRSS58
TCM_ID:HTHP00100	modulates	Protein:PRSS36
TCM_ID:HTHP00100	modulates	Protein:PRSS40A
TCM_ID:HTHP00100	modulates	Protein:TMPRSS6
TCM_ID:HTHP00100	modulates	Protein:CYP4Z1
TCM_ID:HTHP00100	modulates	Protein:SLC10A4
TCM_ID:HTHP00100	modulates	Protein:PRSS55
TCM_ID:HTHP00100	modulates	Protein:PRSS54
TCM_ID:HTHP00100	modulates	Protein:FERD3L
TCM_ID:HTHP00100	modulates	Protein:RNASEH1
TCM_ID:HTHP00100	modulates	Protein:CYP4X1
TCM_ID:HTHP00100	modulates	Protein:PRSS33
TCM_ID:HTHP00100	modulates	Protein:TMPRSS12
TCM_ID:HTHP00100	modulates	Protein:KLK9
TCM_ID:HTHP00100	modulates	Protein:PRSS53
TCM_ID:HTHP00100	modulates	Protein:PRSS38
TCM_ID:HTHP00100	modulates	Protein:PRSS42P
TCM_ID:HTHP00100	modulates	Protein:TMPRSS11A
TCM_ID:HTHP00100	modulates	Protein:AGBL3
TCM_ID:HTHP00100	modulates	Protein:OVCH1
TCM_ID:HTHP00100	modulates	Protein:TMPRSS7
TCM_ID:HTHP00100	modulates	Protein:PRSS48
TCM_ID:HTHP00100	modulates	Protein:SLC10A6
TCM_ID:HTHP00100	modulates	Protein:SLC10A5
TCM_ID:HTHP00100	modulates	Protein:TMPRSS9
TCM_ID:HTHP00100	modulates	Protein:PRSS45P
TCM_ID:HTHP00100	modulates	Protein:CEACAM16
TCM_ID:HTHP00100	modulates	Protein:TMPRSS11F
TCM_ID:HTHP00100	modulates	Protein:PRSS57
TCM_ID:HTHP00100	modulates	Protein:CTRB2
TCM_ID:HTHP00100	modulates	Protein:PRSS46P
TCM_ID:HTHP00100	modulates	Protein:CTSS
TCM_ID:HTHP00100	modulates	Protein:HLA-A
TCM_ID:HTHP00100	modulates	Protein:HLA-B
TCM_ID:HTHP00100	modulates	Protein:HLA-C
TCM_ID:HTHP00100	modulates	Protein:HLA-G
TCM_ID:HTHP00100	modulates	Protein:LNPEP
TCM_ID:HTHP00100	modulates	Protein:PSMA1
TCM_ID:HTHP00100	modulates	Protein:PSMA3
TCM_ID:HTHP00100	modulates	Protein:PSMA4
TCM_ID:HTHP00100	modulates	Protein:PSMA5
TCM_ID:HTHP00100	modulates	Protein:PSMA6
TCM_ID:HTHP00100	modulates	Protein:PSMA7
TCM_ID:HTHP00100	modulates	Protein:PSMB1
TCM_ID:HTHP00100	modulates	Protein:PSMB2
TCM_ID:HTHP00100	modulates	Protein:PSMB4
TCM_ID:HTHP00100	modulates	Protein:PSMB5
TCM_ID:HTHP00100	modulates	Protein:PSMB6
TCM_ID:HTHP00100	modulates	Protein:PSMB7
TCM_ID:HTHP00100	modulates	Protein:PSMB10
TCM_ID:HTHP00100	modulates	Protein:PSMC1
TCM_ID:HTHP00100	modulates	Protein:PSMC2
TCM_ID:HTHP00100	modulates	Protein:PSMC3
TCM_ID:HTHP00100	modulates	Protein:PSMC4
TCM_ID:HTHP00100	modulates	Protein:PSMC5
TCM_ID:HTHP00100	modulates	Protein:PSMC6
TCM_ID:HTHP00100	modulates	Protein:PSMD1
TCM_ID:HTHP00100	modulates	Protein:PSMD2
TCM_ID:HTHP00100	modulates	Protein:PSMD4
TCM_ID:HTHP00100	modulates	Protein:PSMD5
TCM_ID:HTHP00100	modulates	Protein:PSMD7
TCM_ID:HTHP00100	modulates	Protein:PSMD8
TCM_ID:HTHP00100	modulates	Protein:PSMD9
TCM_ID:HTHP00100	modulates	Protein:PSMD10
TCM_ID:HTHP00100	modulates	Protein:PSMD11
TCM_ID:HTHP00100	modulates	Protein:PSMD12
TCM_ID:HTHP00100	modulates	Protein:PSMD13
TCM_ID:HTHP00100	modulates	Protein:PSME1
TCM_ID:HTHP00100	modulates	Protein:PSME2
TCM_ID:HTHP00100	modulates	Protein:PVR
TCM_ID:HTHP00100	modulates	Protein:TPP2
TCM_ID:HTHP00100	modulates	Protein:SLC7A5
TCM_ID:HTHP00100	modulates	Protein:PSMF1
TCM_ID:HTHP00100	modulates	Protein:NPEPPS
TCM_ID:HTHP00100	modulates	Protein:PSMD6
TCM_ID:HTHP00100	modulates	Protein:PSMD14
TCM_ID:HTHP00100	modulates	Protein:PSME4
TCM_ID:HTHP00100	modulates	Protein:SLC7A8
TCM_ID:HTHP00100	modulates	Protein:ERAP1
TCM_ID:HTHP00100	modulates	Protein:SLC6A15
TCM_ID:HTHP00100	modulates	Protein:ENOSF1
TCM_ID:HTHP00100	modulates	Protein:ERAP2
TCM_ID:HTHP00100	modulates	Protein:GGCT
TCM_ID:HTHP00100	modulates	Protein:PSMB11
TCM_ID:HTHP00100	modulates	Protein:PSMA8
TCM_ID:HTHP00100	modulates	Protein:IL4I1
TCM_ID:HTHP00100	modulates	Protein:SLC6A19
TCM_ID:HTHP00100	modulates	Protein:SLC6A18
TCM_ID:HTHP00100	modulates	Protein:MELTF
TCM_ID:HTHP00100	modulates	Protein:TF
TCM_ID:HTHP00100	modulates	Protein:ANPEP
TCM_ID:HTHP00100	modulates	Protein:ENPEP
TCM_ID:HTHP00100	modulates	Protein:LTA4H
TCM_ID:HTHP00100	modulates	Protein:RNPEP
TCM_ID:HTHP00100	modulates	Protein:TRHDE
TCM_ID:HTHP00100	modulates	Protein:RNPEPL1
TCM_ID:HTHP00100	modulates	Protein:AOPEP
TCM_ID:HTHP00100	modulates	Protein:LVRN
TCM_ID:HTHP00089	modulates	Protein:FOS
TCM_ID:HTHP00089	modulates	TF:JUN
TCM_ID:HTHP00089	modulates	Protein:CTNNA1
TCM_ID:HTHP00089	modulates	Protein:HSD11B2
TCM_ID:HTHP00089	modulates	Protein:NOS2
TCM_ID:HTHP00089	modulates	Protein:POR
TCM_ID:HTHP00089	modulates	Protein:GMEB2
TCM_ID:HTHP00089	modulates	Protein:SDR9C7
TCM_ID:HTHP00089	modulates	Protein:ESM1
TCM_ID:HTHP00089	modulates	TF:RELA
TCM_ID:HTHP00089	modulates	Protein:NOSTRIN
TCM_ID:HTHP00089	modulates	Protein:AARD
TCM_ID:HTHP00089	modulates	Protein:TP53COR1
TCM_ID:HTHP00089	modulates	Protein:F11R
TCM_ID:HTHP00089	modulates	Protein:SOD1
TCM_ID:HTHP00089	modulates	Protein:Sod1m
TCM_ID:HTHP00090	modulates	Protein:AQP1
TCM_ID:HTHP00090	modulates	Protein:GH1
TCM_ID:HTHP00090	modulates	Protein:GRIA1
TCM_ID:HTHP00090	modulates	Protein:IGFBP1
TCM_ID:HTHP00090	modulates	Protein:LIPE
TCM_ID:HTHP00090	modulates	Protein:TNF
TCM_ID:HTHP00090	modulates	Protein:INMT
TCM_ID:HTHP00090	modulates	Protein:CASP3
TCM_ID:HTHP00090	modulates	TF:JUN
TCM_ID:HTHP00090	modulates	Protein:MAP2
TCM_ID:HTHP00090	modulates	Protein:MS4A1
TCM_ID:HTHP00090	modulates	Protein:CD40LG
TCM_ID:HTHP00090	modulates	Protein:COL4A2
TCM_ID:HTHP00090	modulates	Protein:COL7A1
TCM_ID:HTHP00090	modulates	Protein:GUCY2F
TCM_ID:HTHP00090	modulates	Protein:TNC
TCM_ID:HTHP00090	modulates	Protein:MME
TCM_ID:HTHP00090	modulates	Protein:OGG1
TCM_ID:HTHP00090	modulates	Protein:RENBP
TCM_ID:HTHP00090	modulates	Protein:CUTA
TCM_ID:HTHP00090	modulates	Protein:RETN
TCM_ID:HTHP00090	modulates	Protein:GPT2
TCM_ID:HTHP00090	modulates	Protein:PPARGC1B
TCM_ID:HTHP00064	modulates	Protein:CAD
TCM_ID:HTHP00064	modulates	Protein:CAV1
TCM_ID:HTHP00064	modulates	Protein:CAV2
TCM_ID:HTHP00064	modulates	Protein:CYBB
TCM_ID:HTHP00064	modulates	Protein:EIF4E
TCM_ID:HTHP00064	modulates	Protein:EIF4EBP1
TCM_ID:HTHP00064	modulates	Protein:EIF4G1
TCM_ID:HTHP00064	modulates	Protein:MAP3K1
TCM_ID:HTHP00064	modulates	Protein:PFKL
TCM_ID:HTHP00064	modulates	Protein:CLEC11A
TCM_ID:HTHP00158	modulates	Protein:MAOB
TCM_ID:HTHP00158	modulates	Protein:OXA1L
TCM_ID:HTHP00158	modulates	Protein:PTGS2
TCM_ID:HTHP00158	modulates	Protein:ALAD
TCM_ID:HTHP00158	modulates	Protein:ALOX5
TCM_ID:HTHP00158	modulates	Protein:CAT
TCM_ID:HTHP00158	modulates	Protein:G6PD
TCM_ID:HTHP00158	modulates	Protein:GGT5
TCM_ID:HTHP00158	modulates	Protein:GSTA2
TCM_ID:HTHP00158	modulates	Protein:GSTM1
TCM_ID:HTHP00158	modulates	Protein:GSTP1
TCM_ID:HTHP00158	modulates	Protein:HMOX1
TCM_ID:HTHP00158	modulates	Protein:NOS2
TCM_ID:HTHP00158	modulates	Protein:POR
TCM_ID:HTHP00158	modulates	TF:RELA
TCM_ID:HTHP00158	modulates	Protein:TNF
TCM_ID:HTHP00158	modulates	Protein:XDH
TCM_ID:HTHP00158	modulates	Protein:MGAM
TCM_ID:HTHP00158	modulates	Protein:HS3ST4
TCM_ID:HTHP00158	modulates	Protein:Sod1m
TCM_ID:HTHP00158	modulates	Protein:NOSTRIN
TCM_ID:HTHP00158	modulates	Protein:Pvcan3
TCM_ID:HTHP00158	modulates	Protein:ODF3L2
TCM_ID:HTHP00158	modulates	Protein:Ptges3-ps
TCM_ID:HTHP00158	modulates	Protein:TP53COR1
TCM_ID:HTHP00158	modulates	Protein:Cox20b
TCM_ID:HTHP00158	modulates	TF:JUN
TCM_ID:HTHP00158	modulates	Protein:TCEAL7
TCM_ID:HTHP00158	modulates	Protein:BAX
TCM_ID:HTHP00158	modulates	Protein:BCL2
TCM_ID:HTHP00158	modulates	Protein:CASP3
TCM_ID:HTHP00158	modulates	Protein:PRKCA
TCM_ID:HTHP00158	modulates	Protein:BIRC3
TCM_ID:HTHP00158	modulates	TF:ATF3
TCM_ID:HTHP00158	modulates	Protein:C5AR1
TCM_ID:HTHP00158	modulates	Protein:CDKN1A
TCM_ID:HTHP00158	modulates	Protein:DDIT3
TCM_ID:HTHP00158	modulates	Protein:DNMT3B
TCM_ID:HTHP00158	modulates	TF:EGR1
TCM_ID:HTHP00158	modulates	Protein:HSPA6
TCM_ID:HTHP00158	modulates	Protein:IL1B
TCM_ID:HTHP00158	modulates	Protein:CXCL8
TCM_ID:HTHP00158	modulates	Protein:INSIG1
TCM_ID:HTHP00158	modulates	TF:MYC
TCM_ID:HTHP00158	modulates	Protein:PPBP
TCM_ID:HTHP00158	modulates	Protein:SLC2A4
TCM_ID:HTHP00158	modulates	Protein:TLR4
TCM_ID:HTHP00158	modulates	TF:TP53
TCM_ID:HTHP00158	modulates	Protein:DDIT4
TCM_ID:HTHP00158	modulates	Protein:Tlr12
TCM_ID:HTHP00158	modulates	Protein:CYP3A4
TCM_ID:HTHP00158	modulates	Protein:ALOXE3
TCM_ID:HTHP00158	modulates	Protein:Akr1c12
TCM_ID:HTHP00158	modulates	Protein:Gssos2
TCM_ID:HTHP00158	modulates	Protein:PGR
TCM_ID:HTHP00158	modulates	Protein:VEZF1
TCM_ID:HTHP00158	modulates	Protein:CREG1
TCM_ID:HTHP00158	modulates	Protein:EBAG9
TCM_ID:HTHP00158	modulates	Protein:IGHD
TCM_ID:HTHP00158	modulates	Protein:SERTAD3
TCM_ID:HTHP00132	modulates	Protein:AHCY
TCM_ID:HTHP00132	modulates	Protein:CCNC
TCM_ID:HTHP00132	modulates	Protein:TNFRSF8
TCM_ID:HTHP00132	modulates	Protein:TNFSF8
TCM_ID:HTHP00132	modulates	Protein:CIDEA
TCM_ID:HTHP00132	modulates	Protein:CLDN7
TCM_ID:HTHP00132	modulates	Protein:DEFB1
TCM_ID:HTHP00132	modulates	Protein:GOLGA4
TCM_ID:HTHP00132	modulates	Protein:SP110
TCM_ID:HTHP00132	modulates	Protein:IL1RN
TCM_ID:HTHP00132	modulates	Protein:IL13RA2
TCM_ID:HTHP00132	modulates	Protein:IL17A
TCM_ID:HTHP00132	modulates	Protein:KRT1
TCM_ID:HTHP00132	modulates	Protein:KRT6A
TCM_ID:HTHP00132	modulates	Protein:LIG3
TCM_ID:HTHP00132	modulates	Protein:MEFV
TCM_ID:HTHP00132	modulates	Protein:MAP3K3
TCM_ID:HTHP00132	modulates	Protein:NDUFB8
TCM_ID:HTHP00132	modulates	Protein:NME2
TCM_ID:HTHP00132	modulates	TF:NR4A2
TCM_ID:HTHP00132	modulates	Protein:OSM
TCM_ID:HTHP00132	modulates	Protein:RFC2
TCM_ID:HTHP00132	modulates	Protein:RFPL1
TCM_ID:HTHP00132	modulates	Protein:RFX3
TCM_ID:HTHP00132	modulates	Protein:CCL1
TCM_ID:HTHP00132	modulates	Protein:SFPQ
TCM_ID:HTHP00132	modulates	Protein:SRP68
TCM_ID:HTHP00132	modulates	Protein:SSBP1
TCM_ID:HTHP00132	modulates	Protein:TFDP1
TCM_ID:HTHP00132	modulates	Protein:TFDP2
TCM_ID:HTHP00132	modulates	Protein:UBE2E1
TCM_ID:HTHP00132	modulates	Protein:SCGB1A1
TCM_ID:HTHP00132	modulates	Protein:VCL
TCM_ID:HTHP00132	modulates	Protein:VEGFB
TCM_ID:HTHP00132	modulates	Protein:XRCC4
TCM_ID:HTHP00132	modulates	Protein:XRCC5
TCM_ID:HTHP00132	modulates	Protein:PIAS1
TCM_ID:HTHP00132	modulates	Protein:TNFSF9
TCM_ID:HTHP00132	modulates	Protein:IL18R1
TCM_ID:HTHP00132	modulates	Protein:USP13
TCM_ID:HTHP00132	modulates	Protein:TNFSF18
TCM_ID:HTHP00132	modulates	Protein:CCRL2
TCM_ID:HTHP00132	modulates	Protein:MINPP1
TCM_ID:HTHP00132	modulates	Protein:ABCB6
TCM_ID:HTHP00132	modulates	Protein:TRIM10
TCM_ID:HTHP00132	modulates	Protein:AKAP9
TCM_ID:HTHP00132	modulates	Protein:ZNF267
TCM_ID:HTHP00132	modulates	Protein:N4BP2L2
TCM_ID:HTHP00132	modulates	Protein:RFPL3
TCM_ID:HTHP00132	modulates	Protein:RFPL2
TCM_ID:HTHP00132	modulates	Protein:MALT1
TCM_ID:HTHP00132	modulates	Protein:ERP29
TCM_ID:HTHP00132	modulates	Protein:TRIM31
TCM_ID:HTHP00132	modulates	Protein:SP140
TCM_ID:HTHP00132	modulates	Protein:AFF4
TCM_ID:HTHP00132	modulates	Protein:CIDEB
TCM_ID:HTHP00132	modulates	Protein:CARD10
TCM_ID:HTHP00132	modulates	Protein:TRIM17
TCM_ID:HTHP00132	modulates	Protein:GTSE1
TCM_ID:HTHP00132	modulates	Protein:TRIM34
TCM_ID:HTHP00132	modulates	Protein:SOX18
TCM_ID:HTHP00132	modulates	Protein:RNF186
TCM_ID:HTHP00132	modulates	Protein:TRIM68
TCM_ID:HTHP00132	modulates	Protein:TRIM49
TCM_ID:HTHP00132	modulates	Protein:AS3MT
TCM_ID:HTHP00132	modulates	Protein:PREX1
TCM_ID:HTHP00132	modulates	Protein:TRIM48
TCM_ID:HTHP00132	modulates	Protein:RNF39
TCM_ID:HTHP00132	modulates	Protein:TRIM11
TCM_ID:HTHP00132	modulates	Protein:TRIM7
TCM_ID:HTHP00132	modulates	Protein:RNF135
TCM_ID:HTHP00132	modulates	Protein:FAXC
TCM_ID:HTHP00132	modulates	Protein:TRIM51
TCM_ID:HTHP00132	modulates	Protein:RIOX2
TCM_ID:HTHP00132	modulates	Protein:TRIM4
TCM_ID:HTHP00132	modulates	Protein:WNT3A
TCM_ID:HTHP00132	modulates	Protein:TRIM15
TCM_ID:HTHP00132	modulates	Protein:TRIM41
TCM_ID:HTHP00132	modulates	Protein:ERMAP
TCM_ID:HTHP00132	modulates	Protein:FSD2
TCM_ID:HTHP00132	modulates	Protein:TRIM43
TCM_ID:HTHP00132	modulates	Protein:TRIM40
TCM_ID:HTHP00132	modulates	Protein:TRIM60
TCM_ID:HTHP00132	modulates	Protein:TRIM49B
TCM_ID:HTHP00132	modulates	Protein:NHLRC4
TCM_ID:HTHP00132	modulates	Protein:TRIML1
TCM_ID:HTHP00132	modulates	Protein:RFPL4A
TCM_ID:HTHP00132	modulates	Protein:TRIM73
TCM_ID:HTHP00132	modulates	Protein:TRIM74
TCM_ID:HTHP00132	modulates	Protein:TRIM61
TCM_ID:HTHP00132	modulates	Protein:RFPL4B
TCM_ID:HTHP00132	modulates	Protein:TRIM6-TRIM34
TCM_ID:HTHP00132	modulates	Protein:TRIM72
TCM_ID:HTHP00132	modulates	Protein:TRIM64B
TCM_ID:HTHP00132	modulates	Protein:TRIM49C
TCM_ID:HTHP00132	modulates	Protein:TRIM64C
TCM_ID:HTHP00132	modulates	Protein:RFPL4AL1
TCM_ID:HTHP00132	modulates	Protein:Csn
TCM_ID:HTHP00142	modulates	Protein:BCR
TCM_ID:HTHP00142	modulates	Protein:CD14
TCM_ID:HTHP00142	modulates	Protein:STX2
TCM_ID:HTHP00142	modulates	Protein:GSN
TCM_ID:HTHP00142	modulates	Protein:IGFBP4
TCM_ID:HTHP00142	modulates	Protein:MDM4
TCM_ID:HTHP00142	modulates	Protein:PRCP
TCM_ID:HTHP00142	modulates	Protein:PKIA
TCM_ID:HTHP00142	modulates	Protein:PSMC2
TCM_ID:HTHP00142	modulates	Protein:PEX5
TCM_ID:HTHP00142	modulates	Protein:RGS2
TCM_ID:HTHP00142	modulates	Protein:RPL17
TCM_ID:HTHP00142	modulates	Protein:RTN1
TCM_ID:HTHP00142	modulates	Protein:SKP1
TCM_ID:HTHP00142	modulates	Protein:SORL1
TCM_ID:HTHP00142	modulates	Protein:TGFBR2
TCM_ID:HTHP00142	modulates	Protein:UBA7
TCM_ID:HTHP00142	modulates	Protein:PRDM2
TCM_ID:HTHP00142	modulates	Protein:OGT
TCM_ID:HTHP00142	modulates	Protein:IFITM1
TCM_ID:HTHP00142	modulates	Protein:HOMER3
TCM_ID:HTHP00142	modulates	Protein:AQR
TCM_ID:HTHP00142	modulates	Protein:SNX17
TCM_ID:HTHP00142	modulates	Protein:SV2B
TCM_ID:HTHP00142	modulates	Protein:ATG7
TCM_ID:HTHP00142	modulates	Protein:KIF3A
TCM_ID:HTHP00142	modulates	Protein:PTP4A3
TCM_ID:HTHP00142	modulates	Protein:DDHD2
TCM_ID:HTHP00142	modulates	Protein:ARHGEF18
TCM_ID:HTHP00142	modulates	Protein:RPL13A
TCM_ID:HTHP00142	modulates	Protein:ZKSCAN5
TCM_ID:HTHP00142	modulates	Protein:TNFAIP8
TCM_ID:HTHP00142	modulates	RBP:RBMX
TCM_ID:HTHP00142	modulates	Protein:EVL
TCM_ID:HTHP00142	modulates	Protein:IFT57
TCM_ID:HTHP00142	modulates	Protein:COG3
TCM_ID:HTHP00142	modulates	Protein:HIPK1
TCM_ID:HTHP00157	modulates	Protein:AOC2
TCM_ID:HTHP00157	modulates	Protein:PRKCE
