rank,type,target,score
1,TF,TF:TP53,41.25
2,TF,TF:EP300,26
3,TF,TF:ESR1,25.75
4,TF,TF:STAT1,25.625
5,TF,TF:FOXO3,25.625
6,TF,TF:PPARG,25
7,TF,RBP:YBX1,25
8,TF,TF:STAT5A,23.625
9,TF,TF:CREB1,23.25
10,TF,TF:SMAD3,22.5
11,TF,TF:NR1I2,18.875
12,Protein,Protein:HSP90AA1,18.375
13,TF,TF:RUNX2,18.125
14,TF,TF:FOXO1,17.75
15,TF,TF:STAT4,16.375
16,TF,TF:HNF4A,15.8125
17,TF,TF:SOX2,15.8125
18,TF,TF:FOXM1,15.625
19,TF,TF:SMAD2,15.5
20,Protein,Protein:HDAC2,15.4375
21,Protein,Protein:SIRT1,15.3125
22,TF,TF:SREBF2,14.9375
23,TF,TF:YAP1,14.9375
24,Protein,Protein:AKT1,14.8125
25,Protein,Protein:CYP2A6,14.8125
26,TF,TF:E2F1,14.75
27,TF,TF:CEBPA,14.3125
28,Protein,Protein:NFKB1,14.25
29,Protein,Protein:PTEN,14.1875
30,TF,TF:YY1,14.0625
31,Protein,Protein:EGFR,14
32,Protein,Protein:IL6,13.875
33,TF,TF:ATF3,13.875
34,TF,TF:EGR1,13.6875
35,Protein,Protein:TNF,13.6875
36,TF,TF:IRF1,13.5625
37,Protein,Protein:APP,13.125
38,Protein,Protein:MAPK3,13
39,TF,TF:SMAD1,12.6875
40,Protein,Protein:PPARGC1A,12.625
41,Protein,Protein:FOS,12.625
42,TF,TF:GLI1,12.5625
43,TF,TF:CEBPB,12.5625
44,TF,TF:ERG,12.5
45,Protein,Protein:GSK3B,12.5
46,Protein,Protein:IKBKB,12.4375
47,Protein,Protein:IL1B,12.375
48,Protein,Protein:CFTR,12.375
49,Protein,Protein:PTPA,12.3125
50,Protein,Protein:RAC1,12.25
51,Protein,Protein:RHOA,12.25
52,Protein,Protein:CDH1,12.1875
53,Protein,Protein:MAPK8,12.1875
54,TF,TF:PDX1,12.1875
55,Protein,Protein:CASP8,12.1875
56,Protein,Protein:BRCA1,12.125
57,Protein,Protein:PTK2,11.9375
58,TF,TF:TET1,11.9375
59,Protein,Protein:IL2,11.9375
60,TF,TF:HSF1,11.875
61,TF,TF:MITF,11.875
62,TF,TF:VDR,11.8125
63,Protein,Protein:PRKCA,11.8125
64,Protein,Protein:CDK5,11.75
65,Protein,Protein:KRAS,11.5
66,Protein,Protein:TLR4,11.5
67,Protein,Protein:ITGB1,11.5
68,TF,TF:TCF7L2,11.4375
69,Protein,Protein:NOS3,11.4375
70,TF,TF:WT1,11.3125
71,Protein,Protein:TRAF6,11.25
72,Protein,Protein:RAD51,11.1875
73,Protein,Protein:CYP1A2,11.125
74,Protein,Protein:ICAM1,11.0625
75,Protein,Protein:ALB,10.9375
76,Protein,Protein:KDM1A,10.875
77,TF,TF:GATA3,10.875
78,Protein,Protein:PCNA,10.8125
79,TF,TF:ETS1,10.8125
80,Protein,Protein:PPARA,10.75
81,Protein,Protein:IRF3,10.75
82,TF,TF:KLF4,10.75
83,Protein,Protein:CD4,10.75
84,TF,TF:POU5F1,10.6875
85,Protein,Protein:RXRA,10.625
86,TF,TF:NANOG,10.625
87,Protein,Protein:YWHAZ,10.5625
88,TF,TF:ELK1,10.5625
89,Protein,Protein:VEGFA,10.5625
90,Protein,Protein:GAPDH,10.4375
91,Protein,Protein:LPL,10.4375
92,Protein,Protein:NCOR1,10.375
93,Protein,Protein:GNAI1,10.375
94,Protein,Protein:ITGAM,10.375
95,Protein,Protein:PARP1,10.3125
96,Protein,Protein:TLR2,10.25
97,Protein,Protein:PRKCB,10.25
98,Protein,Protein:HSPA5,10.25
99,Protein,Protein:CALR,10.25
100,Protein,Protein:NGF,10.125
101,Protein,Protein:EDN1,10.125
102,Protein,Protein:MMP2,10.125
103,Protein,Protein:EPO,10.0625
104,TF,TF:TFAP2A,10.0625
105,Protein,Protein:RAF1,10
106,Protein,Protein:JAK2,10
107,Protein,Protein:GSTP1,9.9375
108,TF,TF:KLF2,9.9375
109,Protein,Protein:KAT2B,9.9375
110,Protein,Protein:AQP4,9.875
111,Protein,Protein:POMC,9.875
112,Protein,Protein:GJA1,9.875
113,Protein,Protein:BCL2L1,9.875
114,Protein,Protein:FYN,9.8125
115,Protein,Protein:ATM,9.8125
116,Protein,Protein:BAX,9.75
117,Protein,Protein:PTPN11,9.75
118,Protein,Protein:CTSL,9.75
119,Protein,Protein:ADRB2,9.6875
120,Protein,Protein:IL10,9.6875
121,Protein,Protein:SLC5A1,9.6875
122,Protein,Protein:SYK,9.6875
123,Protein,Protein:CNR1,9.625
124,Protein,Protein:MAP2K1,9.625
125,Protein,Protein:GFAP,9.625
126,Protein,Protein:IRS1,9.625
127,Protein,Protein:CASP9,9.5625
128,TF,TF:TCF4,9.5
129,Protein,Protein:IL5,9.5
130,Protein,Protein:KEAP1,9.4375
131,Protein,Protein:APOB,9.4375
132,Protein,Protein:VWF,9.4375
133,Protein,Protein:FGF2,9.4375
134,Protein,Protein:CRP,9.375
135,Protein,Protein:ITGB3,9.375
136,Protein,Protein:EGF,9.375
137,Protein,Protein:CYP7A1,9.3125
138,Protein,Protein:CDK4,9.3125
139,Protein,Protein:ADIPOQ,9.3125
140,Protein,Protein:MAP2K7,9.3125
141,Protein,Protein:TRPV4,9.3125
142,Protein,Protein:LIPE,9.3125
143,Protein,Protein:MICAL1,9.25
144,Protein,Protein:LRP5,9.25
145,Protein,Protein:TJP1,9.25
146,Protein,Protein:GSTA2,9.25
147,Protein,Protein:TGFB3,9.1875
148,Protein,Protein:PIK3R1,9.1875
149,TF,TF:MEF2A,9.1875
150,Protein,Protein:GLA,9.1875
151,Protein,Protein:CHUK,9.1875
152,Protein,Protein:PLK1,9.1875
153,Protein,Protein:GGT5,9.125
154,Protein,Protein:PTPN6,9.125
155,Protein,Protein:GLB1,9.125
156,Protein,Protein:LEP,9.125
157,Protein,Protein:KISS1,9.0625
158,Protein,Protein:IRAK1,9.0625
159,Protein,Protein:CREBBP,9.0625
160,Protein,Protein:GCLC,9.0625
161,Protein,Protein:HDAC6,9.0625
162,Protein,Protein:PTPN1,9.0625
163,TF,TF:SPI1,9.0625
164,Protein,Protein:PRL,9
165,Protein,Protein:IL13,9
166,Protein,Protein:GCK,9
167,Protein,Protein:MYD88,9
168,Protein,Protein:CYP2E1,8.9375
169,Protein,Protein:PRKAA1,8.9375
170,TF,TF:HTT,8.9375
171,Protein,Protein:GABARAP,8.9375
172,Protein,Protein:PRKACA,8.9375
173,Protein,Protein:SOD2,8.9375
174,Protein,Protein:GSTM1,8.9375
175,Protein,Protein:CDC42,8.875
176,TF,TF:BMI1,8.875
177,Protein,Protein:DAO,8.875
178,Protein,Protein:CYP2B6,8.875
179,Protein,Protein:CASP1,8.875
180,Protein,Protein:DPP4,8.875
181,Protein,Protein:SLC12A2,8.8125
182,Protein,Protein:GAD1,8.8125
183,Protein,Protein:ERCC1,8.8125
184,Protein,Protein:MAP2K4,8.8125
185,Protein,Protein:TRAF2,8.75
186,Protein,Protein:DNMT1,8.75
187,Protein,Protein:WNT1,8.75
188,Protein,Protein:BMP2,8.75
189,Protein,Protein:HMGB1,8.75
190,Protein,Protein:TGFBR1,8.6875
191,Protein,Protein:AKR1B1,8.6875
192,Protein,Protein:TXNRD1,8.6875
193,Protein,Protein:MMP1,8.6875
194,Protein,Protein:ADA,8.625
195,Protein,Protein:THBS1,8.625
196,TF,TF:CREM,8.625
197,Protein,Protein:BIRC5,8.625
198,Protein,Protein:CYP1B1,8.625
199,Protein,Protein:HDAC3,8.625
200,Protein,Protein:CSF2,8.625
201,Protein,Protein:JAK1,8.625
202,Protein,Protein:DNAH8,8.625
203,Protein,Protein:CD38,8.5625
204,Protein,Protein:IFNB1,8.5625
205,Protein,Protein:AOX1,8.5625
206,Protein,Protein:CSTB,8.5625
207,Protein,Protein:GRIN1,8.5625
208,Protein,Protein:ALDOB,8.5625
209,Protein,Protein:BACE1,8.5
210,Protein,Protein:TNNI3,8.5
211,Protein,Protein:PKLR,8.5
212,Protein,Protein:BECN1,8.5
213,Protein,Protein:CTSK,8.4375
214,Protein,Protein:MGAM,8.4375
215,Protein,Protein:ATF2,8.4375
216,Protein,Protein:TRPA1,8.4375
217,Protein,Protein:CDKN2A,8.4375
218,Protein,Protein:DGAT1,8.4375
219,Protein,Protein:IGF1,8.4375
220,Protein,Protein:BMP4,8.4375
221,Protein,Protein:G6PD,8.375
222,Protein,Protein:PBK,8.375
223,Protein,Protein:VCAM1,8.375
224,Protein,Protein:PRKDC,8.375
225,Protein,Protein:MAP3K1,8.375
226,Protein,Protein:PFKM,8.375
227,Protein,Protein:MIP,8.3125
228,Protein,Protein:ELANE,8.3125
229,Protein,Protein:SERPINE1,8.3125
230,Protein,Protein:AKR1C1,8.3125
231,Protein,Protein:CDC20,8.25
232,Protein,Protein:MMP14,8.25
233,Protein,Protein:CDK9,8.25
234,Protein,Protein:IGFBP1,8.25
235,Protein,Protein:OCLN,8.25
236,Protein,Protein:VCP,8.25
237,Protein,Protein:PRKCZ,8.25
238,Protein,Protein:MT2A,8.1875
239,Protein,Protein:RYR1,8.1875
240,Protein,Protein:XBP1,8.1875
241,Protein,Protein:AURKB,8.1875
242,Protein,Protein:ABAT,8.1875
243,Protein,Protein:DCT,8.1875
244,Protein,Protein:APEX1,8.1875
245,Protein,Protein:CTSS,8.1875
246,Protein,Protein:DNMT3B,8.125
247,Protein,Protein:PECAM1,8.125
248,Protein,Protein:COL1A1,8.125
249,Protein,Protein:F3,8.125
250,Protein,Protein:MAPT,8.125
251,Protein,Protein:ATP6AP2,8.125
252,Protein,Protein:PTGS1,8.125
253,Protein,Protein:ODC1,8.125
254,Protein,Protein:LYN,8.125
255,Protein,Protein:PRKAA2,8.125
256,Protein,Protein:TIMP1,8.0625
257,Protein,Protein:TH,8.0625
258,Protein,Protein:CYP19A1,8.0625
259,Protein,Protein:NQO1,8.0625
260,Protein,Protein:TAC1,8.0625
261,Protein,Protein:JAK3,8
262,Protein,Protein:SHH,8
263,Protein,Protein:SLC9A1,8
264,Protein,Protein:CNR2,8
265,Protein,Protein:PRKCE,8
266,Protein,Protein:ACE,8
267,Protein,Protein:FABP1,7.96875
268,Protein,Protein:TOP2A,7.96875
269,Protein,Protein:BUB1,7.96875
270,Protein,Protein:CD86,7.9375
271,Protein,Protein:HGF,7.9375
272,Protein,Protein:SNCA,7.9375
273,Protein,Protein:MAP1LC3B,7.9375
274,Protein,Protein:VAMP2,7.9375
275,Protein,Protein:CYP2C19,7.9375
276,Protein,Protein:ZEB1,7.90625
277,Protein,Protein:SLC32A1,7.90625
278,Protein,Protein:EZR,7.90625
279,Protein,Protein:TSPO,7.90625
280,Protein,Protein:IDE,7.90625
281,Protein,Protein:SYN1,7.875
282,Protein,Protein:STAR,7.875
283,Protein,Protein:COMT,7.875
284,Protein,Protein:ASGR1,7.875
285,Protein,Protein:SLC2A3,7.875
286,Protein,Protein:IL17A,7.875
287,Protein,Protein:ITGAV,7.875
288,Protein,Protein:PLD1,7.84375
289,Protein,Protein:FGF23,7.84375
290,Protein,Protein:GSTA1,7.84375
291,Protein,Protein:BSG,7.84375
292,Protein,Protein:NEDD4L,7.84375
293,Protein,Protein:BIRC3,7.84375
294,Protein,Protein:SLCO1A2,7.8125
295,Protein,Protein:GRIN2B,7.8125
296,Protein,Protein:SPHK1,7.8125
297,RBP,RBP:MOV10,7.8125
298,Protein,Protein:SERPINB3,7.8125
299,Protein,Protein:MME,7.8125
300,Protein,Protein:IL1A,7.8125
